user_id,persona_id,age,is_student,income_level,income_stability,initial_fin_literacy,risk_profile,impulse_spend_tendency,subscription_count,savings_goal_type,saving_potential_score,subscription_load_score,spending_volatility,essential_spend_ratio,financial_health_score
U0001,P1,18,True,medium,stable,medium,low,low,1,long_term,0.7012359550561799,0.17041749502982106,1.06589268304213,0.5982009673190797,75.08682228833133
U0002,P1,21,True,medium,stable,medium,low,low,1,long_term,0.7147191011235955,0.16405566600397614,0.8465580606726191,0.6740238443469396,78.44093349638632
U0003,P1,21,True,low,stable,medium,low,low,1,long_term,0.637,0.1705765407554672,0.8637129886361747,0.6809016360971358,68.61740075318568
U0004,P1,20,True,low,stable,medium,low,low,1,long_term,0.6223404255319149,0.16548707753479125,0.8597043397331567,0.6943339335818083,68.37563391763777
U0005,P1,20,True,low,stable,medium,low,low,1,long_term,0.6274725274725274,0.18457256461232605,0.7926812559595949,0.7787512100677638,69.54500135998182
U0006,P1,22,True,low,stable,medium,low,low,0,long_term,0.6,0.0,0.7814223359137349,0.6509554140127388,68.81523764127962
U0007,P1,18,True,low,stable,medium,low,low,1,long_term,0.6277777777777778,0.21399602385685884,0.7685639614955141,0.7395507273062051,69.77823935988032
U0008,P1,21,True,low,stable,medium,low,low,1,long_term,0.6211111111111111,0.18409542743538768,0.9781363142138169,0.728714900594384,66.56716062881983
U0009,P1,19,True,low,stable,medium,low,low,1,long_term,0.6109890109890109,0.18536779324055666,1.1415860736976904,0.6348399786911445,64.04949177515839
U0010,P1,18,True,medium,stable,medium,low,low,1,long_term,0.718421052631579,0.21081510934393638,0.7860983297956607,0.7140117731002498,79.54943726628574
U0011,P1,20,True,low,stable,medium,low,low,0,long_term,0.6180851063829788,0.0,0.8309729329818701,0.7310597595315782,68.61316505683567
U0012,P1,22,True,low,stable,medium,low,low,1,long_term,0.6288888888888889,0.18170974155069583,0.8116133963144642,0.7005568070727249,69.24926615296435
U0013,P1,21,True,low,stable,medium,low,low,0,long_term,0.6244186046511628,0.0,1.1211619489600222,0.6394870035172,64.58822915819425
U0014,P1,21,True,low,stable,medium,low,low,1,long_term,0.6333333333333333,0.18648111332007952,0.7910890178665252,0.6567524444626274,69.49930944284525
U0015,P1,21,True,medium,stable,medium,low,low,1,long_term,0.714468085106383,0.19968190854870776,0.874141489297658,0.7108395989974937,78.16718429572234
U0016,P1,21,True,low,stable,medium,low,low,1,long_term,0.6301075268817204,0.1748707753479125,0.810723920053246,0.773646873357856,69.23821392176191
U0017,P1,20,True,medium,stable,medium,low,low,0,long_term,0.7080851063829787,0.0,0.794573535867778,0.7805145332150498,79.13871482221589
U0018,P1,18,True,medium,stable,medium,low,low,1,long_term,0.7132558139534884,0.17184890656063617,0.781427937685335,0.7228091057878292,79.59035055900088
U0019,P1,22,True,low,stable,medium,low,low,1,long_term,0.6329545454545454,0.15801192842942346,1.1253596476276033,0.5474364006136939,64.76766683076883
U0020,P1,20,True,medium,stable,medium,low,low,0,long_term,0.6977777777777777,0.0,1.0287869852497227,0.5174925878864888,75.4654746216593
U0021,P1,20,True,low,stable,medium,low,low,0,long_term,0.6348314606741573,0.0,0.9109553242561818,0.6880484114977307,67.97930358359176
U0022,P1,19,True,low,stable,medium,low,low,1,long_term,0.6217391304347826,0.19459244532803183,0.8653303473141329,0.6359181320265206,68.15564285299658
U0023,P1,18,True,low,stable,medium,low,low,1,long_term,0.5925531914893617,0.1998409542743539,0.7335675933774205,0.7924886745579425,69.31032435423108
U0024,P1,22,True,medium,stable,medium,low,low,1,long_term,0.7254166666666666,0.17089463220675943,0.9143186309730208,0.6992804530165624,77.89367970408689
U0025,P1,21,True,low,stable,medium,low,low,1,long_term,0.5955555555555555,0.16898608349900596,0.8133626754475967,0.7153619674402494,68.29808340107726
U0026,P1,21,True,low,stable,medium,low,low,0,long_term,0.6163043478260869,0.0,0.900586021157745,0.6546174617461746,67.55602693385197
U0027,P1,20,True,low,stable,medium,low,low,1,long_term,0.6379310344827586,0.1904572564612326,0.811707105781182,0.6782454004962315,69.56081224237454
U0028,P1,22,True,low,stable,medium,low,low,0,long_term,0.6393258426966292,0.0,0.8978189844338587,0.7742629761249312,68.35623748635223
U0029,P1,20,True,medium,stable,medium,low,low,1,long_term,0.6932258064516129,0.17121272365805168,0.8525585116287917,0.6877772301626417,77.82773692573514
U0030,P1,20,True,low,stable,medium,low,low,0,long_term,0.6141304347826086,0.0,0.9545164660020075,0.6076522333247929,66.59619712663476
U0031,P1,20,True,low,stable,medium,low,low,1,long_term,0.6166666666666667,0.17041749502982106,0.9588067344270191,0.6806370897892406,66.73050846995883
U0032,P1,19,True,low,stable,medium,low,low,0,long_term,0.6443181818181818,0.0,0.9441088803455141,0.6559527714004592,67.76342932376554
U0033,P1,18,True,medium,stable,medium,low,low,1,long_term,0.7155102040816326,0.19284294234592445,0.8780581015674901,0.6124613987284288,78.2010963213209
U0034,P1,20,True,low,stable,medium,low,low,0,long_term,0.6086021505376344,0.0,0.8187320929026185,0.6488355026843304,68.58495415406603
U0035,P1,22,True,low,stable,medium,low,low,0,long_term,0.6174418604651163,0.0,0.8223737057676686,0.6111432347596233,68.51466225831012
U0036,P1,18,True,low,stable,medium,low,low,1,long_term,0.5935483870967742,0.22035785288270376,0.7865083817915277,0.6350760958279322,68.69179067413214
U0037,P1,22,True,medium,stable,medium,low,low,0,long_term,0.7229670329670329,0.0,0.843297401203895,0.6658066735466116,78.9057593126298
U0038,P1,22,True,medium,stable,medium,low,low,1,long_term,0.7247368421052631,0.1693041749502982,1.1036483373116865,0.6386140715893168,75.13995563941643
U0039,P1,19,True,medium,stable,medium,low,low,1,long_term,0.7161363636363637,0.16326043737574553,0.8103024278170318,0.7170390923054055,79.12720120009911
U0040,P1,21,True,low,stable,medium,low,low,1,long_term,0.6204301075268817,0.1603976143141153,0.9931322009293496,0.5281904048599841,66.15649796686107
U0041,P1,18,True,medium,stable,medium,low,low,0,long_term,0.7164367816091954,0.0,0.8799397109502249,0.6176935923354135,78.19249950235182
U0042,P1,21,True,medium,stable,medium,low,low,0,long_term,0.7026315789473685,0.0,0.8457736067802737,0.6038022556898764,78.07378549519228
U0043,P1,21,True,medium,stable,medium,low,low,0,long_term,0.7256321839080461,0.0,0.9138628557277028,0.6398999836038695,77.89427378824195
U0044,P1,19,True,low,stable,medium,low,low,1,long_term,0.6202380952380953,0.16151093439363817,0.8528512550675111,0.6657548709089164,68.4091476539574
U0045,P1,18,True,low,stable,medium,low,low,1,long_term,0.5915662650602409,0.19570576540755466,1.0034732961170376,0.5784219703574542,65.50410127707222
U0046,P1,22,True,low,stable,medium,low,low,1,long_term,0.6106382978723404,0.19125248508946324,0.8077507809148077,0.6343645337563899,68.8598037479945
U0047,P1,20,True,medium,stable,medium,low,low,1,long_term,0.713404255319149,0.1728031809145129,0.9422450864916995,0.7207801659308136,77.2725284716842
U0048,P1,22,True,low,stable,medium,low,low,0,long_term,0.6249999999999999,0.0,0.887145514192091,0.7679907084785134,68.1124054524052
U0049,P1,21,True,low,stable,medium,low,low,0,long_term,0.611111111111111,0.0,0.8370884625372714,0.6488599852901328,68.32589090428377
U0050,P1,21,True,low,stable,medium,low,low,0,long_term,0.6337078651685393,0.0,0.807476090275864,0.6614313760485454,69.37974721538922
U0051,P1,21,True,low,stable,medium,low,low,0,long_term,0.650561797752809,0.0,0.7886993062833775,0.7284327540316268,70.11901909369578
U0052,P1,18,True,low,stable,medium,low,low,0,long_term,0.6305882352941177,0.0,0.9307149583228002,0.6558236306165727,67.50784134422685
U0053,P1,19,True,medium,stable,medium,low,low,0,long_term,0.6856043956043956,0.0,1.0040359704530266,0.4954074177162341,75.48604731975576
U0054,P1,20,True,medium,stable,medium,low,low,0,long_term,0.7129885057471265,0.0,0.8233929081412846,0.7773025747364783,78.91316052254389
U0055,P1,20,True,medium,stable,medium,low,low,0,long_term,0.7042857142857143,0.0,0.9527895870487801,0.6927987543791359,76.68383955950173
U0056,P1,18,True,low,stable,medium,low,low,1,long_term,0.6098901098901098,0.17359840954274353,0.8768661625813842,0.6242788123270322,67.78005381246402
U0057,P1,20,True,medium,stable,medium,low,low,1,long_term,0.7057894736842105,0.16262425447316103,0.7805596644205052,0.7253961267605634,79.27852964750554
U0058,P1,18,True,low,stable,medium,low,low,1,long_term,0.6252631578947369,0.22290258449304173,0.8853365341392166,0.6732234968049888,68.0288751424836
U0059,P1,21,True,medium,stable,medium,low,low,0,long_term,0.7041304347826087,0.0,0.8642658045686521,0.6632151177841056,78.08043345759536
U0060,P1,21,True,low,stable,medium,low,low,0,long_term,0.6393617021276596,0.0,0.9078762770830388,0.648407595971608,68.03471720673363
U0061,P1,22,True,low,stable,medium,low,low,0,long_term,0.6206896551724137,0.0,0.8233223080917501,0.716258845596385,68.72260899445033
U0062,P1,21,True,low,stable,medium,low,low,0,long_term,0.6294117647058822,0.0,0.8176992920186997,0.8466433997125847,69.23764816101476
U0063,P1,19,True,low,stable,medium,low,low,1,long_term,0.6034090909090909,0.20111332007952287,0.7954172562241859,0.6388705143046138,68.7739377338269
U0064,P1,22,True,low,stable,medium,low,low,1,long_term,0.6020618556701031,0.21081510934393638,0.8650168038740063,0.6627368262458097,67.68019084209556
U0065,P1,20,True,low,stable,medium,low,low,0,long_term,0.6543478260869565,0.0,0.7513426237403305,0.8060214519401996,70.88840194648336
U0066,P1,19,True,low,stable,medium,low,low,0,long_term,0.6240963855421686,0.0,0.9282214065569953,0.6845412039742841,67.49423408515904
U0067,P1,22,True,low,stable,medium,low,low,0,long_term,0.6337349397590362,0.0,0.8172731921216421,0.7436974789915967,69.29695416171803
U0068,P1,19,True,low,stable,medium,low,low,0,long_term,0.6430232558139535,0.0,0.85030255540377,0.82332070767608,69.0804060589436
U0069,P1,18,True,medium,stable,medium,low,low,1,long_term,0.7163157894736842,0.1726441351888668,1.0805807457760155,0.7077560732240856,75.2975766065619
U0070,P1,20,True,low,stable,medium,low,low,1,long_term,0.6371134020618556,0.16978131212723657,1.0493027290895613,0.586504356964575,66.05032117942113
U0071,P1,21,True,low,stable,medium,low,low,1,long_term,0.6306818181818181,0.19125248508946324,0.788463400515407,0.7052333187963367,69.63191617732576
U0072,P1,18,True,low,stable,medium,low,low,1,long_term,0.6021505376344086,0.18457256461232605,0.8626847714174319,0.7041059602649007,67.59192400409033
U0073,P1,20,True,low,stable,medium,low,low,1,long_term,0.6180722891566265,0.19204771371769383,0.7485469656478518,0.7151546303435278,69.78724421863629
U0074,P1,18,True,medium,stable,medium,low,low,1,long_term,0.7041304347826087,0.16294234592445328,1.049284082341093,0.6633184328161977,75.40906194642514
U0075,P1,21,True,low,stable,medium,low,low,1,long_term,0.6234042553191489,0.18966202783300198,0.9915001436092674,0.6794941087450005,66.56136329411852
U0076,P1,20,True,medium,stable,medium,low,low,1,long_term,0.6857894736842105,0.2122465208747515,0.965228214200143,0.677500448913629,76.1736111645811
U0077,P1,19,True,low,stable,medium,low,low,0,long_term,0.6277108433734939,0.0,0.8993420689335767,0.5581133369251114,68.0116076833117
U0078,P1,19,True,low,stable,medium,low,low,1,long_term,0.6263736263736263,0.1596023856858847,1.1547447584385973,0.6437937570107918,64.22580153099288
U0079,P1,20,True,low,stable,medium,low,low,1,long_term,0.6208791208791209,0.1782107355864811,0.8086922235522689,0.70615338882283,69.13067810999581
U0080,P1,21,True,medium,stable,medium,low,low,1,long_term,0.7066666666666667,0.17868787276341946,0.7627600408892471,0.7875926006151713,79.67685361520093
U0081,P1,22,True,low,stable,medium,low,low,1,long_term,0.6157894736842106,0.16803180914512922,1.0499567103289684,0.6859527010994226,65.38886208439905
U0082,P1,20,True,low,stable,medium,low,low,1,long_term,0.6148936170212767,0.21081510934393638,0.8398385380237647,0.6399104330335117,68.39650724977693
U0083,P1,18,True,low,stable,medium,low,low,1,long_term,0.6257731958762885,0.18918489065606361,0.9555671833917847,0.6328064146620848,67.14598235227635
U0084,P1,22,True,low,stable,medium,low,low,0,long_term,0.6223404255319149,0.0,0.8117398137401013,0.748963397197598,69.06816586543931
U0085,P1,21,True,low,stable,medium,low,low,1,long_term,0.636470588235294,0.1952286282306163,1.0885202068732753,0.6315387037286916,65.52350061211212
U0086,P1,21,True,low,stable,medium,low,low,1,long_term,0.5865979381443299,0.21065606361829026,1.0315583694218773,0.6565929991100563,64.84604058855186
U0087,P1,18,True,low,stable,medium,low,low,1,long_term,0.6184466019417476,0.19268389662027835,0.870668283488271,0.7123552828603776,68.00645948895487
U0088,P1,19,True,medium,stable,medium,low,low,0,long_term,0.6856521739130435,0.0,0.8877267670643442,0.6080224914864972,77.28879568829089
U0089,P1,21,True,medium,stable,medium,low,low,1,long_term,0.7240909090909091,0.17121272365805168,1.076629467523659,0.5413274458396578,75.3765566441246
U0090,P1,22,True,low,stable,medium,low,low,0,long_term,0.6430107526881721,0.0,1.1855609791597872,0.7244547384674773,64.18458215421552
U0091,P1,20,True,low,stable,medium,low,low,0,long_term,0.6311111111111111,0.0,1.0110793307960233,0.6114833738169025,66.36929331331686
U0092,P1,22,True,low,stable,medium,low,low,1,long_term,0.6260869565217391,0.16357852882703777,0.9690057552586986,0.6610645414378329,66.83989324069509
U0093,P1,22,True,medium,stable,medium,low,low,1,long_term,0.7254838709677419,0.18298210735586481,0.8379136536176455,0.7908158508158508,79.11445434654296
U0094,P1,19,True,low,stable,medium,low,low,1,long_term,0.6505747126436782,0.1769383697813121,0.8995995061731764,0.6978235347241036,68.57914121576798
U0095,P1,22,True,medium,stable,medium,low,low,0,long_term,0.7122222222222222,0.0,0.8064300905904165,0.6348698333398384,79.13891971026243
U0096,P1,19,True,medium,stable,medium,low,low,1,long_term,0.6933333333333334,0.175506958250497,1.0861462901130645,0.5618134873747319,74.63729691534144
U0097,P1,19,True,medium,stable,medium,low,low,1,long_term,0.7302173913043478,0.1869582504970179,0.8182182061001402,0.7541393551320426,79.46992568279006
U0098,P1,21,True,low,stable,medium,low,low,1,long_term,0.6208333333333333,0.1869582504970179,0.8019838428140813,0.7500324128095424,69.1683942786725
U0099,P1,21,True,medium,stable,medium,low,low,1,long_term,0.7128260869565217,0.16596421471172962,0.8705018258005822,0.6875357221367333,78.17155458727633
U0100,P1,18,True,low,stable,medium,low,low,0,long_term,0.6129032258064516,0.0,0.7992686222835202,0.7420775407995855,68.86597590795083
U0101,P1,22,True,low,stable,medium,low,low,1,long_term,0.6208791208791209,0.1790059642147117,1.2181424156427703,0.434322852626032,63.03571428571429
U0102,P1,18,True,low,stable,medium,low,low,0,long_term,0.6236559139784946,0.0,0.8744610629967187,0.7158918533059695,68.13873884415345
U0103,P1,22,True,low,stable,medium,low,low,1,long_term,0.6131868131868131,0.16962226640159045,0.8170450020677,0.7662964110280126,68.73535191500534
U0104,P1,18,True,medium,stable,medium,low,low,0,long_term,0.7345652173913043,0.0,0.8069367406207096,0.7596680281567741,79.81397163433965
U0105,P1,21,True,medium,stable,medium,low,low,0,long_term,0.7215789473684211,0.0,0.9501692113744218,0.5974606656261864,77.26823234721074
U0106,P1,21,True,low,stable,medium,low,low,1,long_term,0.5879120879120879,0.21129224652087475,1.0454556653752187,0.7304964539007093,64.79643729699082
U0107,P1,21,True,medium,stable,medium,low,low,1,long_term,0.7127272727272728,0.17025844930417494,1.0452716102739508,0.6350822239624119,75.63992060258138
U0108,P1,21,True,low,stable,medium,low,low,1,long_term,0.5978947368421053,0.17725646123260436,0.8495107278473834,0.7088531618435155,67.84438877698105
U0109,P1,20,True,low,stable,medium,low,low,1,long_term,0.6052631578947368,0.17773359840954273,0.9550659413625932,0.6800711894571804,66.58349621770367
U0110,P1,21,True,low,stable,medium,low,low,1,long_term,0.624742268041237,0.17296222664015903,0.9293807788782892,0.7323422693486455,67.43816199313366
U0111,P1,19,True,medium,stable,medium,low,low,0,long_term,0.7089473684210527,0.0,0.9876557323855033,0.6226775169235201,76.3761090379659
U0112,P1,21,True,low,stable,medium,low,low,0,long_term,0.6178571428571428,0.0,0.7707397955868964,0.6173168789808917,69.59470735237221
U0113,P1,20,True,low,stable,medium,low,low,0,long_term,0.6224719101123596,0.0,0.85164487771768,0.812217407686511,68.55475381553107
U0114,P1,20,True,low,stable,medium,low,low,0,long_term,0.6217391304347826,0.0,0.7991110927262356,0.6901633611430285,69.11174423025948
U0115,P1,20,True,medium,stable,medium,low,low,0,long_term,0.7174725274725274,0.0,0.7240196628262596,0.7769509448741799,80.53636624574489
U0116,P1,20,True,medium,stable,medium,low,low,1,long_term,0.7027906976744186,0.18743538767395626,1.1490765894942163,0.5879794729059755,73.99138741812749
U0117,P1,18,True,medium,stable,medium,low,low,1,long_term,0.7019565217391305,0.16739562624254473,0.8117072689771591,0.7057412240087549,78.839295643204
U0118,P1,18,True,medium,stable,medium,low,low,1,long_term,0.7113483146067416,0.19379721669980118,0.9729667357483199,0.6176899957063117,76.70942497496429
U0119,P1,19,True,medium,stable,medium,low,low,0,long_term,0.721111111111111,0.0,0.9859636294755717,0.6626780872035467,76.73192434522515
U0120,P1,18,True,low,stable,medium,low,low,1,long_term,0.6144444444444443,0.16214711729622266,0.8460912687968017,0.62170100832968,68.28849720334986
U0121,P1,20,True,low,stable,medium,low,low,1,long_term,0.6161290322580645,0.19602385685884693,0.9595284841443141,0.6711844883854866,66.82089399637348
U0122,P1,21,True,medium,stable,medium,low,low,1,long_term,0.7059574468085106,0.16389662027833002,0.7614765521944218,0.6657680856200209,79.61658295694912
U0123,P1,21,True,medium,stable,medium,low,low,0,long_term,0.7202083333333335,0.0,0.8737874894951353,0.6905568675770956,78.3920797723368
U0124,P1,20,True,low,stable,medium,low,low,0,long_term,0.632,0.0,0.9250834194741081,0.6981289366432012,67.64797539401296
U0125,P1,22,True,low,stable,medium,low,low,1,long_term,0.6300970873786407,0.20381709741550696,0.8509779578177917,0.6062923485358799,68.61438126670835
U0126,P2,21,True,medium,stable,low,medium,high,5,none,0.415521472392638,0.9319284294234592,0.8986586865866708,0.5025994486018117,55.604660147068046
U0127,P2,20,True,medium,stable,low,medium,high,5,short_term,0.41745341614906833,0.9516500994035785,0.9020363874035127,0.585494106980961,65.53715633092972
U0128,P2,20,True,medium,stable,low,medium,high,2,short_term,0.38378048780487806,0.39681908548707756,0.8422117225992792,0.5696142991533396,65.43800765381063
U0129,P2,20,True,medium,stable,low,medium,high,4,short_term,0.4075,0.7230218687872763,0.8691071559220341,0.5756414780460755,65.87285083634816
U0130,P2,21,True,medium,stable,low,medium,high,2,none,0.40499999999999997,0.37105367793240557,0.8611966576376923,0.5045636367654533,55.88289926243002
U0131,P2,20,True,medium,stable,low,medium,high,5,none,0.41419161676646704,0.9788469184890656,0.7610728267220069,0.5453859503508639,57.52750618187078
U0132,P2,23,True,medium,stable,low,medium,high,4,none,0.40607843137254895,0.7666003976143141,0.8527038862011423,0.5225190839694657,55.95173605616841
U0133,P2,21,True,medium,stable,low,medium,high,5,none,0.41308641975308635,1.0,0.771219733219338,0.4911732389207667,57.409647300033384
U0134,P2,23,True,medium,stable,low,medium,high,4,short_term,0.43256097560975604,0.7810735586481113,0.9228817506478447,0.6422675352489737,65.69602417474638
U0135,P2,22,True,medium,stable,low,medium,high,2,short_term,0.42217948717948717,0.37423459244532803,0.767050167552109,0.5533733448541603,67.6775890293771
U0136,P2,20,True,medium,stable,low,medium,high,2,none,0.4001960784313725,0.3794831013916501,1.0143968002684987,0.5776821520299193,53.45374723854396
U0137,P2,20,True,medium,stable,low,medium,high,3,short_term,0.40818181818181815,0.5680318091451292,0.9520923592540605,0.5001052631578947,64.49790798089626
U0138,P2,22,True,medium,stable,low,medium,high,4,none,0.4160975609756097,0.7304970178926442,0.8751666076351471,0.5668283895269095,55.92763835328856
U0139,P2,20,True,medium,stable,low,medium,high,2,short_term,0.4238364779874213,0.40349900596421473,0.889160789928888,0.5670691347317006,65.96590763660532
U0140,P2,20,True,medium,stable,low,medium,high,5,none,0.40590643274853794,0.9809145129224652,0.8746250286591369,0.5927962422920238,55.827294535405656
U0141,P2,23,True,medium,stable,low,medium,high,2,short_term,0.41592105263157886,0.3907753479125249,0.7297709826210595,0.5895946664485255,67.8517502222981
U0142,P2,21,True,medium,stable,low,medium,high,3,short_term,0.40554140127388527,0.5634194831013917,0.8744166392951886,0.6337719298245614,65.6316467636184
U0143,P2,19,True,medium,stable,low,medium,high,2,none,0.41387096774193544,0.3441749502982107,0.8461730184943868,0.5777845177546544,56.33839213573866
U0144,P2,21,True,medium,stable,low,medium,high,3,none,0.4419018404907975,0.5829821073558648,0.995542009015864,0.563457800511509,54.97268926012763
U0145,P2,21,True,medium,stable,low,medium,high,3,short_term,0.411875,0.4963021868787276,0.9420521242623215,0.5209724650810037,64.55922411576928
U0146,P2,23,True,medium,stable,low,medium,high,2,none,0.4218012422360248,0.35546719681908545,0.7934356022757095,0.5883923016717173,57.26045952863457
U0147,P2,22,True,medium,stable,low,medium,high,4,none,0.40316770186335404,0.7448111332007952,0.8713894028970449,0.528056284166401,55.720851178053934
U0148,P2,19,True,medium,stable,low,medium,high,5,short_term,0.3983435582822086,0.8578131212723659,0.760252470634731,0.5006454035532399,67.29627868927227
U0149,P2,19,True,medium,stable,low,medium,high,5,short_term,0.4030635838150288,0.9888667992047714,0.8095819475581996,0.5700148135955888,66.49626993750411
U0150,P2,22,True,medium,stable,low,medium,high,3,none,0.4213924050632911,0.5735984095427435,0.825768462685582,0.5777884275841194,56.9521795681252
U0151,P2,19,True,medium,stable,low,medium,high,5,none,0.4136144578313253,0.9623061630218688,0.7372977115401596,0.5902188574163512,57.88641265654972
U0152,P2,20,True,medium,stable,low,medium,high,5,none,0.40629629629629627,0.9314512922465208,0.8516805162804788,0.49652548820694903,55.99071911414475
U0153,P2,19,True,medium,stable,low,medium,high,5,short_term,0.4185889570552147,0.9397216699801193,0.8160473015196488,0.5257850147676045,66.74631323644603
U0154,P2,19,True,medium,stable,low,medium,high,3,none,0.4093827160493827,0.5681908548707754,0.9145332003345441,0.5889595317388233,55.237546682207736
U0155,P2,23,True,medium,stable,low,medium,high,5,none,0.39902439024390235,0.9360636182902584,0.8636007740704933,0.5367789027548858,55.58650062895668
U0156,P2,19,True,medium,stable,low,medium,high,4,none,0.40562499999999996,0.732882703777336,0.8135382420712843,0.4927221128759097,56.623094792809106
U0157,P2,19,True,medium,stable,low,medium,high,2,short_term,0.396624203821656,0.3576938369781312,0.714054764184608,0.5919681757908695,67.73470456453958
U0158,P2,23,True,medium,stable,low,medium,high,3,none,0.4074683544303797,0.5745526838966203,0.9694525488477329,0.4426896283155207,54.45566752718819
U0159,P2,19,True,medium,stable,low,medium,high,4,short_term,0.38405063291139235,0.7222266401590457,0.970710905234762,0.4979749673935428,63.54087437720756
U0160,P2,23,True,medium,stable,low,medium,high,2,short_term,0.4244578313253012,0.38504970178926445,0.8607466839339671,0.5640043057050592,66.50561103096983
U0161,P2,19,True,medium,stable,low,medium,high,3,short_term,0.44245033112582777,0.5583300198807157,0.7948575088084687,0.6685430307598097,67.86653194379635
U0162,P2,19,True,medium,stable,low,medium,high,5,short_term,0.4188757396449704,0.9971371769383698,0.991754580718219,0.5680021522287985,64.26473775902689
U0163,P2,19,True,medium,stable,low,medium,high,2,short_term,0.4026380368098159,0.3686679920477137,0.7948408861204621,0.5813170629076373,66.84800138074033
U0164,P2,22,True,medium,stable,low,medium,high,3,short_term,0.41886075949367085,0.5553081510934393,0.8046711706111083,0.5967964525689464,67.04582065744926
U0165,P2,22,True,medium,stable,low,medium,high,2,none,0.4327272727272727,0.340675944333996,0.9116672052392001,0.5483483796900277,55.84276657443121
U0166,P2,21,True,medium,stable,low,medium,high,4,short_term,0.40325153374233125,0.7254075546719682,0.9301536609719206,0.5280399219268769,64.74092453948236
U0167,P2,20,True,medium,stable,low,medium,high,2,none,0.41869565217391297,0.40763419483101393,0.7775075355534418,0.6082879986811738,57.33515613482028
U0168,P2,19,True,medium,stable,low,medium,high,5,none,0.40333333333333327,0.9745526838966203,0.8470547565589273,0.47435650142523417,56.11549505375833
U0169,P2,21,True,medium,stable,low,medium,high,2,short_term,0.4157692307692307,0.3809145129224652,0.9418115808006267,0.6126199345298566,64.94063521736723
U0170,P2,20,True,medium,stable,low,medium,high,5,short_term,0.4112048192771084,0.9297017892644135,1.0162227631688614,0.5292575328783087,63.75877414335185
U0171,P2,21,True,medium,stable,low,medium,high,5,short_term,0.44273809523809515,0.9726441351888668,0.9375656204644366,0.6401462360378921,65.90624420322051
U0172,P2,22,True,medium,stable,low,medium,high,5,none,0.3959756097560976,0.9926838966202783,0.8953818130450397,0.505806310254163,54.97519363144426
U0173,P2,23,True,medium,stable,low,medium,high,5,none,0.41294117647058826,0.9114115308151093,0.913859586539383,0.5300233170042997,55.22669646908156
U0174,P2,21,True,medium,stable,low,medium,high,2,none,0.4241935483870967,0.4047713717693837,0.854820173613579,0.6639822648509253,56.53612152773625
U0175,P2,19,True,medium,stable,low,medium,high,5,none,0.42118012422360246,0.9763021868787276,0.794811759647336,0.6197415571723314,57.18883015682514
U0176,P2,20,True,medium,stable,low,medium,high,4,none,0.4201910828025477,0.7487872763419483,0.7671827984222623,0.5446647740613461,57.65764094999079
U0177,P2,23,True,medium,stable,low,medium,high,5,none,0.4230952380952381,0.9489463220675944,0.7951010427100877,0.5864520378118705,57.31836627206054
U0178,P2,21,True,medium,stable,low,medium,high,5,none,0.4207142857142857,0.9152286282306162,0.8188928302843685,0.5156095332368842,56.77643776379949
U0179,P2,22,True,medium,stable,low,medium,high,4,short_term,0.4123668639053254,0.7114115308151093,0.896867560045012,0.5778536182422885,65.58544670469922
U0180,P2,21,True,medium,stable,low,medium,high,3,none,0.4226582278481012,0.6014314115308151,0.9348762357682333,0.5795580847374738,55.27135053668072
U0181,P2,19,True,medium,stable,low,medium,high,2,short_term,0.4093464052287581,0.3860039761431412,0.7964860925106724,0.4869351880523069,67.03576329998309
U0182,P2,23,True,medium,stable,low,medium,high,2,short_term,0.3975776397515528,0.4198807157057654,0.8518808473337135,0.5306953939645053,65.84724438417149
U0183,P2,22,True,medium,stable,low,medium,high,3,none,0.4198765432098765,0.5421073558648111,0.8595191314335346,0.5478757986772783,56.39194519238237
U0184,P2,23,True,medium,stable,low,medium,high,5,none,0.42301775147928994,0.9642147117296223,0.8070840847674192,0.6335348393254852,57.07901684444177
U0185,P2,23,True,medium,stable,low,medium,high,4,none,0.4163291139240506,0.7462425447316103,0.9519490459075911,0.5367911061123848,54.81387567756914
U0186,P2,20,True,medium,stable,low,medium,high,3,short_term,0.40875776397515523,0.5880715705765407,0.8711299050236307,0.5367040323836214,65.67283808284324
U0187,P2,20,True,medium,stable,low,medium,high,2,none,0.4066666666666666,0.37852882703777335,0.8015766718910771,0.6342604565866503,56.95899540549261
U0188,P2,20,True,medium,stable,low,medium,high,4,none,0.4161349693251533,0.7708946322067594,0.8443153892744127,0.503899905760632,56.33816672674705
U0189,P2,23,True,medium,stable,low,medium,high,4,short_term,0.4087730061349693,0.7673956262425448,0.8070935869202095,0.5265806988352746,66.67109174648465
U0190,P2,21,True,medium,stable,low,medium,high,5,short_term,0.4260493827160493,0.9748707753479124,0.7789554251446987,0.5303613305707976,67.65803843935528
U0191,P2,21,True,medium,stable,low,medium,high,4,none,0.4051219512195121,0.7643737574552684,0.7559329632617728,0.5384045110417182,57.34430568146692
U0192,P2,23,True,medium,stable,low,medium,high,4,none,0.42768292682926823,0.8157455268389662,0.7499417042142764,0.6757285923258692,58.193005114928425
U0193,P2,22,True,medium,stable,low,medium,high,5,none,0.41,0.9627833001988072,0.7386403185280219,0.6163618365230508,57.90129634539832
U0194,P2,23,True,medium,stable,low,medium,high,3,none,0.4155555555555555,0.6003180914512922,0.8007232142496254,0.5663780318614553,56.98366366396475
U0195,P2,23,True,medium,stable,low,medium,high,5,none,0.41670731707317066,0.9341550695825049,0.8394078168062222,0.6295528876429601,56.494751784513994
U0196,P2,19,True,medium,stable,low,medium,high,3,short_term,0.41063694267515916,0.5734393638170974,0.8515698651920045,0.6463654223968566,66.1738322975832
U0197,P2,20,True,medium,stable,low,medium,high,2,short_term,0.38419354838709674,0.3629423459244533,0.8072802633645361,0.5456431535269709,66.03972699637119
U0198,P2,22,True,medium,stable,low,medium,high,3,none,0.41562499999999997,0.6009542743538767,0.81130904771747,0.47074766355140185,56.96778083605487
U0199,P2,23,True,medium,stable,low,medium,high,2,short_term,0.4132467532467532,0.4014314115308151,0.9117324759836523,0.5252553744484516,65.40892373514076
U0200,P2,19,True,medium,stable,low,medium,high,2,none,0.40748427672955967,0.36023856858846914,0.8124781041335633,0.5775795522772107,56.75861901433161
U0201,P2,20,True,medium,stable,low,medium,high,5,short_term,0.4208433734939758,0.9887077534791252,0.8826103692041884,0.5326103232154699,66.08953236461659
U0202,P2,21,True,medium,stable,low,medium,high,5,short_term,0.4215151515151515,0.9532405566600397,0.8090391051262088,0.5530096337252819,67.16943148207338
U0203,P2,22,True,medium,stable,low,medium,high,2,short_term,0.402156862745098,0.3834592445328032,0.7766698889251032,0.5441201497617427,66.83168188198081
U0204,P2,19,True,medium,stable,low,medium,high,5,short_term,0.4245454545454545,0.9753479125248509,0.839083595611113,0.6190939675419479,66.78614157504612
U0205,P2,22,True,medium,stable,low,medium,high,2,none,0.44018867924528293,0.40779324055666005,0.9360666234771096,0.5660084169634186,55.81277054912757
U0206,P2,20,True,medium,stable,low,medium,high,3,none,0.42614906832298133,0.5763021868787276,0.9620954648506274,0.5465415196986907,54.87703751294464
U0207,P2,20,True,medium,stable,low,medium,high,4,none,0.4161728395061728,0.8308548707753479,0.9760968690322517,0.537060481071589,54.50298559473837
U0208,P2,21,True,medium,stable,low,medium,high,3,none,0.42111111111111105,0.5912524850894633,0.8038130420268599,0.6286153058612747,57.256771114773606
U0209,P2,21,True,medium,stable,low,medium,high,4,short_term,0.40390243902439016,0.7134791252485089,0.7448052815092866,0.5894244653785327,67.60659783502365
U0210,P2,22,True,medium,stable,low,medium,high,5,none,0.40356725146198824,0.9034592445328031,0.9111410127382885,0.5649261207112447,55.00766377769601
U0211,P2,20,True,medium,stable,low,medium,high,2,short_term,0.40503105590062105,0.38123260437375744,0.6409785973606796,0.5985476774520111,69.09937888198758
U0212,P2,23,True,medium,stable,low,medium,high,2,none,0.40806451612903216,0.43117296222664014,0.9240076694895394,0.4825241366505756,55.053292469812696
U0213,P2,19,True,medium,stable,low,medium,high,5,none,0.41192307692307684,0.9449701789264413,0.9631112376179705,0.45219657209968067,54.52626423001931
U0214,P2,23,True,medium,stable,low,medium,high,4,none,0.43124999999999997,0.7464015904572565,0.7134835954111355,0.5869716307575662,58.64064242170353
U0215,P2,19,True,medium,stable,low,medium,high,4,short_term,0.42963190184049077,0.716182902584493,0.7650935835412562,0.5945415400202634,67.78875285838018
U0216,P2,22,True,medium,stable,low,medium,high,3,short_term,0.42132075471698105,0.547196819085487,0.9170895145492878,0.49564164648910414,65.56266099420594
U0217,P2,20,True,medium,stable,low,medium,high,3,none,0.38999999999999996,0.5039363817097415,0.8033737339142848,0.6050418365157691,56.14989454825542
U0218,P2,20,True,medium,stable,low,medium,high,4,none,0.4175949367088607,0.7443339960238569,0.9060476690572465,0.5377669842455943,55.58210424460766
U0219,P2,19,True,medium,stable,low,medium,high,4,short_term,0.406875,0.6687872763419483,0.9083427148517459,0.5645092430517014,65.25426804354746
U0220,P2,22,True,medium,stable,low,medium,high,2,none,0.3999371069182389,0.35005964214711727,0.9926630040592982,0.46431002124280735,53.94739023428392
U0221,P2,19,True,medium,stable,low,medium,high,4,short_term,0.38455621301775145,0.7246123260437375,0.9332504073938338,0.637362881378514,64.32049092135856
U0222,P2,22,True,medium,stable,low,medium,high,4,none,0.4203658536585365,0.74831013916501,0.7856257326035562,0.6310216256524981,57.372906094519635
U0223,P2,22,True,medium,stable,low,medium,high,2,none,0.4047712418300653,0.4,0.7661795088875086,0.5721956394656506,57.20101131351173
U0224,P2,23,True,medium,stable,low,medium,high,3,none,0.4298757763975155,0.5774155069582505,0.9066652242968343,0.5226368546218301,55.884401916976984
U0225,P2,22,True,medium,stable,low,medium,high,5,none,0.41490797546012265,0.9949105367793241,0.7599913404686222,0.5302659834584228,57.65792220679076
U0226,P2,20,True,medium,stable,low,medium,high,4,none,0.41,0.7640556660039761,0.908129012428515,0.5427952920630879,55.20527023545066
U0227,P2,22,True,medium,stable,low,medium,high,2,none,0.3955345911949685,0.37025844930417495,0.8788660903205732,0.6189844212589583,55.328383306248895
U0228,P2,23,True,medium,stable,low,medium,high,2,short_term,0.4221794871794871,0.3301789264413519,0.8416531618462545,0.6344166780463381,66.70727730802514
U0229,P2,20,True,medium,stable,low,medium,high,4,none,0.4087654320987654,0.7373359840954274,0.957993745394567,0.5299989197364157,54.455724112920116
U0230,P2,19,True,medium,stable,low,medium,high,3,none,0.4118518518518518,0.5627833001988072,0.8629327462339774,0.5752156265854896,55.982575685327305
U0231,P2,23,True,medium,stable,low,medium,high,5,none,0.3896407185628742,0.9775745526838966,0.835245181579753,0.45776584599266634,55.508470814105564
U0232,P2,19,True,medium,stable,low,medium,high,4,none,0.3952760736196319,0.8340357852882704,0.9108956180063934,0.5461429338240933,54.661107032092374
U0233,P2,21,True,medium,stable,low,medium,high,5,short_term,0.40316770186335393,0.9578528827037773,1.059125509371594,0.5508303387271684,62.90671884719408
U0234,P2,20,True,medium,stable,low,medium,high,2,none,0.41185185185185186,0.41033797216699797,0.8950494025505921,0.5584810428423813,55.62174258666233
U0235,P2,19,True,medium,stable,low,medium,high,3,short_term,0.4171428571428571,0.5374950298210736,0.8983119321490082,0.6062795284619972,65.60269517705404
U0236,P2,22,True,medium,stable,low,medium,high,2,none,0.4183870967741935,0.3759840954274354,0.9377659733971995,0.5250985366737644,55.06969806971293
U0237,P2,19,True,medium,stable,low,medium,high,4,short_term,0.410625,0.7914115308151093,0.7761237282701077,0.5189015524600159,67.37163457210059
U0238,P2,22,True,medium,stable,low,medium,high,2,none,0.41838709677419356,0.3642147117296223,0.8295553835379288,0.5129328957595647,56.84714172477584
U0239,P2,22,True,medium,stable,low,medium,high,3,short_term,0.40437499999999993,0.6229025844930418,0.8199577037405779,0.537465646080814,66.42624124554412
U0240,P2,19,True,medium,stable,low,medium,high,3,none,0.40308176100628923,0.5234990059642147,0.8221935664774203,0.5371090483358422,56.35628858595698
U0241,P2,19,True,medium,stable,low,medium,high,2,none,0.41253164556962024,0.376779324055666,0.9100002751985188,0.5391585617121208,55.52503485898914
U0242,P2,22,True,medium,stable,low,medium,high,2,short_term,0.40308176100628923,0.3712127236580517,0.8104693983341275,0.5332604689040332,66.31592343812494
U0243,P2,21,True,medium,stable,low,medium,high,4,short_term,0.42543209876543203,0.7551491053677932,0.8628864295167901,0.5236292309095886,66.39476705926515
U0244,P2,19,True,medium,stable,low,medium,high,5,short_term,0.4244578313253011,0.9551491053677932,0.9821294744135901,0.5442067778223239,64.65263377451876
U0245,P2,23,True,medium,stable,low,medium,high,2,none,0.4048387096774193,0.38504970178926445,0.9735608661074133,0.5313342085262213,54.17653230648898
U0246,P2,20,True,medium,stable,low,medium,high,3,short_term,0.42999999999999994,0.5688270377733599,1.0132552149151857,0.5334865719730457,64.31241402264013
U0247,P2,19,True,medium,stable,low,medium,high,2,short_term,0.4112658227848101,0.41176938369781313,0.8491558316303723,0.5511827506803433,66.29804722790384
U0248,P2,23,True,medium,stable,low,medium,high,5,short_term,0.39963414634146344,0.9359045725646123,0.8415535415618335,0.5512223114885803,66.05726684530262
U0249,P2,19,True,medium,stable,low,medium,high,3,none,0.41496894409937884,0.5963419483101391,0.8842996277997972,0.5781566547540461,55.79324710680494
U0250,P2,21,True,medium,stable,low,medium,high,5,short_term,0.42097560975609755,0.9564214711729622,0.8256053513488333,0.576076514164941,66.64322456290566
U0251,P3,25,True,medium,stable,high,high,medium,2,long_term,0.5652892561983471,0.3452882703777336,0.8929053565304457,0.4293162010584797,72.57469697787727
U0252,P3,24,True,medium,stable,high,medium,medium,3,long_term,0.5325396825396825,0.590934393638171,0.8343581287935385,0.4473410657621184,81.12986287282354
U0253,P3,25,True,medium,stable,high,high,medium,2,long_term,0.5352,0.3527634194831014,0.7994456455918488,0.3678309025112403,73.04531961273952
U0254,P3,25,True,medium,stable,high,high,medium,1,long_term,0.5427272727272727,0.1788469184890656,1.1225483780841943,0.35039628313746923,68.57719651372669
U0255,P3,24,True,medium,stable,high,medium,medium,3,long_term,0.5595238095238095,0.5158648111332008,1.0270536232906493,0.4369096735010157,79.14129527957766
U0256,P3,23,True,high,stable,high,medium,medium,3,long_term,0.6656692913385827,0.5691451292246521,1.0822033816639147,0.2878482128360355,83.04870280538069
U0257,P3,24,True,high,stable,high,medium,medium,3,long_term,0.6683333333333334,0.5357455268389661,1.0028096495156487,0.38178773403612803,84.22017592232382
U0258,P3,23,True,medium,stable,high,high,medium,3,long_term,0.5322314049586777,0.5352683896620278,1.037361468963088,0.36199943197955126,69.52479169822186
U0259,P3,24,True,medium,stable,high,high,medium,1,long_term,0.5388489208633094,0.1686679920477137,0.9830091062619122,0.41481900215648093,70.26545695832347
U0260,P3,25,True,high,stable,high,high,medium,3,long_term,0.6829629629629631,0.5468787276341949,0.9798006644100672,0.3433555056735106,76.21905596840367
U0261,P3,23,True,high,stable,high,medium,medium,1,long_term,0.6704347826086957,0.16691848906560636,0.8490419618943071,0.41659390956954256,86.3980677716115
U0262,P3,24,True,medium,stable,high,medium,medium,3,long_term,0.5451127819548872,0.5161829025844931,0.9359026001123101,0.32656284760845383,80.1057986129425
U0263,P3,22,True,high,stable,high,medium,medium,1,long_term,0.6482051282051282,0.20858846918489066,0.9739537885738744,0.40192836182402536,84.02783458889817
U0264,P3,24,True,high,stable,high,medium,medium,2,long_term,0.6450000000000001,0.34799204771371767,0.9726174938052301,0.30580232608042573,83.9742847505107
U0265,P3,23,True,high,stable,high,medium,medium,3,long_term,0.6421374045801528,0.559920477137177,1.0655415219750888,0.2919334186939821,82.4673106310475
U0266,P3,23,True,medium,stable,high,medium,medium,1,long_term,0.5277777777777778,0.1936381709741551,0.7999929672885103,0.34491326048239923,81.62604149110149
U0267,P3,24,True,medium,stable,high,high,medium,1,long_term,0.5836065573770491,0.22433399602385684,0.9231495941225534,0.494386319556369,72.6472082511042
U0268,P3,22,True,medium,stable,high,medium,medium,3,long_term,0.5409836065573771,0.5316103379721671,1.02268089794531,0.3349084465445954,78.5940133137301
U0269,P3,24,True,medium,stable,high,medium,medium,1,long_term,0.552,0.17773359840954273,0.9273313949278289,0.3916034849045939,80.41551818136791
U0270,P3,24,True,medium,stable,high,high,medium,2,long_term,0.5090225563909775,0.37789264413518886,1.1573616998870013,0.3304897941189437,67.15577296081457
U0271,P3,23,True,medium,stable,high,medium,medium,3,long_term,0.531967213114754,0.5029821073558648,1.04136495952175,0.44035020936429387,78.11932696178482
U0272,P3,22,True,medium,stable,high,high,medium,2,long_term,0.5441860465116279,0.3433797216699801,0.9492093687116844,0.40490927490527406,71.0922704768011
U0273,P3,23,True,medium,stable,high,high,medium,2,long_term,0.5163934426229508,0.36675944333996024,0.9457048557136127,0.3276789892372485,70.27236559426558
U0274,P3,22,True,high,stable,high,high,medium,2,long_term,0.6423880597014926,0.3694632206759443,1.0126731926113144,0.2398051608228332,74.53381501726437
U0275,P3,23,True,medium,stable,high,high,medium,2,long_term,0.5395161290322581,0.3454473161033797,0.9709648458991299,0.3123634667779387,70.59842333745858
U0276,P3,24,True,medium,stable,high,medium,medium,2,long_term,0.5281481481481481,0.37216699801192843,0.9202169221206633,0.3950502706883217,79.77996831939944
U0277,P3,22,True,high,stable,high,high,medium,2,long_term,0.698125,0.3965009940357853,1.0552344509787177,0.2764778204953065,75.50317520171949
U0278,P3,24,True,high,stable,high,medium,medium,1,long_term,0.6662809917355372,0.17328031809145128,0.9572489505848073,0.37459231016583217,84.77584246350881
U0279,P3,22,True,high,stable,high,medium,medium,2,long_term,0.6545864661654136,0.3384493041749503,0.9504591330904717,0.44386065609960706,84.51968543359422
U0280,P3,25,True,high,stable,high,medium,medium,3,long_term,0.6679674796747969,0.5487872763419483,0.954628188381267,0.47373319063794145,84.68210023330352
U0281,P3,24,True,high,stable,high,medium,medium,3,long_term,0.6812903225806453,0.5327236580516899,1.01964686288948,0.40749920051167254,84.38477926547269
U0282,P3,23,True,medium,stable,high,high,medium,1,long_term,0.5459677419354838,0.2240159045725646,0.8710439275851461,0.3744014145035731,72.30994067802534
U0283,P3,24,True,medium,stable,high,medium,medium,3,long_term,0.536,0.5475149105367794,1.0336650620273822,0.38315169514988295,78.48022808793523
U0284,P3,22,True,medium,stable,high,medium,medium,3,long_term,0.5327731092436975,0.5184095427435388,1.1081710010823482,0.34000280229788427,77.31260333330412
U0285,P3,22,True,medium,stable,high,medium,medium,1,long_term,0.5448818897637796,0.2346719681908549,0.9240768073534096,0.3394182819234154,80.2661838227761
U0286,P3,25,True,high,stable,high,high,medium,3,long_term,0.6491970802919708,0.5386083499005964,1.1199623992946266,0.34397269435668,73.21805088136503
U0287,P3,25,True,medium,stable,high,medium,medium,2,long_term,0.5609375,0.3545129224652087,0.8888404741199827,0.33786204837264855,81.13480790991663
U0288,P3,22,True,medium,stable,high,high,medium,2,long_term,0.5540983606557377,0.3414711729622266,0.8329224737643339,0.4031901721333366,73.13027313470893
U0289,P3,23,True,medium,stable,high,high,medium,3,long_term,0.5431999999999999,0.5230218687872763,1.0135008102612246,0.39238198482310044,70.22136801400474
U0290,P3,22,True,medium,stable,high,medium,medium,2,long_term,0.5275,0.38695825049701793,0.9462871577984904,0.33126333126333124,79.55016025827595
U0291,P3,23,True,medium,stable,high,high,medium,2,long_term,0.5615384615384615,0.39506958250497015,1.123537788089956,0.3911038668582581,69.18645412054097
U0292,P3,23,True,medium,stable,high,medium,medium,1,long_term,0.5290322580645161,0.19634194831013918,0.7813013310443818,0.433193015279077,81.88525182711258
U0293,P3,23,True,high,stable,high,medium,medium,3,long_term,0.6712,0.5464015904572564,1.0170590308909602,0.39265485108715514,84.05332626518309
U0294,P3,24,True,medium,stable,high,high,medium,3,long_term,0.5423076923076923,0.5513320079522863,0.9108004900074679,0.3715364621646805,71.55291627017684
U0295,P3,22,True,high,stable,high,high,medium,1,long_term,0.6471186440677967,0.16978131212723657,1.0650589509219877,0.33641334192870614,73.79220418736803
U0296,P3,25,True,high,stable,high,medium,medium,3,long_term,0.6718796992481204,0.5478330019880716,1.0579147295098017,0.41685599651955335,83.40679294521209
U0297,P3,24,True,medium,stable,high,medium,medium,1,long_term,0.5604838709677419,0.17630218687872762,1.0194322714152737,0.3937152895840417,79.3206733261249
U0298,P3,25,True,medium,stable,high,medium,medium,2,long_term,0.5531250000000001,0.34019880715705764,0.9163114165633255,0.3987492555092317,80.60796258529965
U0299,P3,22,True,high,stable,high,medium,medium,3,long_term,0.6543749999999999,0.5782107355864811,1.0202705854057024,0.3511540551395025,83.58612316049232
U0300,P3,24,True,medium,stable,high,high,medium,1,long_term,0.5333333333333333,0.19761431411530817,1.0724430127393672,0.25514089870525514,69.00843100598104
U0301,P3,25,True,high,stable,high,high,medium,2,long_term,0.6801626016260163,0.3662823061630219,0.9781319552484734,0.4187665457397784,76.20249908481193
U0302,P3,22,True,medium,stable,high,high,medium,1,long_term,0.5401709401709401,0.18982107355864813,0.861689157532564,0.43862629416220933,72.18365871271047
U0303,P3,25,True,high,stable,high,medium,medium,3,long_term,0.6666165413533836,0.5219085487077535,1.0147810850427115,0.3667047782382926,83.96691795734311
U0304,P3,23,True,high,stable,high,high,medium,2,long_term,0.6614814814814816,0.34497017892644133,0.8959780211462187,0.3985890652557319,76.75031011045749
U0305,P3,25,True,medium,stable,high,high,medium,2,long_term,0.5428571428571428,0.376779324055666,1.197114675395956,0.3226820193081255,67.55850929577808
U0306,P3,23,True,medium,stable,high,high,medium,3,long_term,0.54609375,0.5462425447316104,0.9721894685240691,0.38418954827280777,70.85585932978731
U0307,P3,25,True,high,stable,high,medium,medium,2,long_term,0.6569565217391304,0.3856858846918489,0.8784141781937412,0.43515755243172044,85.67204702364378
U0308,P3,22,True,medium,stable,high,medium,medium,3,long_term,0.5141592920353982,0.6176540755467197,0.8438274972768338,0.4035644594770392,80.51144797295163
U0309,P3,23,True,medium,stable,high,medium,medium,1,long_term,0.5529914529914529,0.15976143141153082,1.0088325245270393,0.39121784193966314,79.16526640831495
U0310,P3,23,True,medium,stable,high,medium,medium,1,long_term,0.5525862068965517,0.18536779324055666,1.0624507671590961,0.4175831305758313,78.56978041519619
U0311,P3,22,True,medium,stable,high,medium,medium,3,long_term,0.5305343511450381,0.5514910536779324,0.8957587980376299,0.35639963845038153,80.23677098226872
U0312,P3,23,True,high,stable,high,medium,medium,3,long_term,0.6635897435897437,0.597455268389662,0.8243333565993252,0.3995638171074988,86.61546758010095
U0313,P3,23,True,high,stable,high,high,medium,2,long_term,0.6406611570247933,0.37725646123260437,0.973465421322835,0.30770000750731963,75.03412649847434
U0314,P3,22,True,medium,stable,high,medium,medium,2,long_term,0.54375,0.33463220675944333,1.108720172878483,0.34165034280117534,77.56946757789639
U0315,P3,24,True,high,stable,high,high,medium,1,long_term,0.6475862068965518,0.16803180914512922,0.918500689670109,0.3573522411244457,76.1079621371681
U0316,P3,24,True,medium,stable,high,medium,medium,3,long_term,0.5358974358974359,0.5486282306163022,1.0202838375150105,0.27570324494522364,78.57257712012407
U0317,P3,25,True,medium,stable,high,high,medium,3,long_term,0.5459677419354838,0.5429025844930417,0.9515228439969435,0.43072587025316456,71.14795232130339
U0318,P3,24,True,medium,stable,high,medium,medium,1,long_term,0.5482758620689655,0.16803180914512922,0.8441226769980544,0.46319057113292783,81.50657572999444
U0319,P3,22,True,high,stable,high,medium,medium,2,long_term,0.6656,0.37836978131212723,0.9025201419332987,0.3864521548761551,85.64042012729463
U0320,P3,22,True,medium,stable,high,high,medium,2,long_term,0.5624,0.3837773359840954,1.1184934618210125,0.3637702116471671,69.10544006550225
U0321,P3,23,True,medium,stable,high,high,medium,2,long_term,0.5405172413793103,0.36135188866799206,0.9097570866806031,0.4243216576221016,71.59340134744292
U0322,P3,23,True,medium,stable,high,medium,medium,3,long_term,0.5384615384615384,0.5661232604373757,1.1439142091602768,0.31537450722733246,76.8587750215754
U0323,P3,22,True,high,stable,high,medium,medium,1,long_term,0.6639024390243903,0.2213121272365805,0.943589664850308,0.366557911908646,84.90922974430184
U0324,P3,25,True,medium,stable,high,high,medium,1,long_term,0.5207207207207207,0.1734393638170974,0.9735354764458923,0.3518484840612091,70.16837423938725
U0325,P3,24,True,medium,stable,high,high,medium,1,long_term,0.5517241379310345,0.166441351888668,0.9977623965154742,0.43158388003748827,70.5382610064739
U0326,P3,24,True,high,stable,high,medium,medium,3,long_term,0.6595522388059702,0.5441749502982107,0.8785107642816109,0.44926661300420356,85.78060993226988
U0327,P3,22,True,medium,stable,high,medium,medium,2,long_term,0.535593220338983,0.4014314115308151,1.0370481751082716,0.38481293252595156,78.37036433287699
U0328,P3,25,True,medium,stable,high,medium,medium,3,long_term,0.521259842519685,0.49709741550695824,0.9705702002951819,0.36876750700280114,78.9387247321188
U0329,P3,22,True,medium,stable,high,high,medium,2,long_term,0.5472,0.37630218687872763,0.9536593543865086,0.40261060795951664,71.15205072457428
U0330,P3,23,True,medium,stable,high,medium,medium,1,long_term,0.5451612903225806,0.18966202783300198,0.9184212451357195,0.3738649117436996,80.30868279097989
U0331,P3,23,True,medium,stable,high,medium,medium,2,long_term,0.5267326732673268,0.4268787276341949,0.8182208037584444,0.433671449023729,81.32291587078348
U0332,P3,25,True,high,stable,high,high,medium,1,long_term,0.6611764705882354,0.1761431411530815,0.9505979355856669,0.43884892086330934,75.99527238135437
U0333,P3,23,True,medium,stable,high,medium,medium,3,long_term,0.5240601503759399,0.5172962226640159,1.0639445651602337,0.32173855865334033,77.75582187408932
U0334,P3,22,True,high,stable,high,medium,medium,3,long_term,0.6607692307692308,0.5351093439363817,0.838238150197571,0.3261957269213441,86.35060177285145
U0335,P3,23,True,high,stable,high,medium,medium,3,long_term,0.6874603174603174,0.5603976143141153,1.0335071992216573,0.407462443985233,84.31266610750777
U0336,P3,23,True,medium,stable,high,medium,medium,2,long_term,0.5530434782608695,0.385844930417495,0.9236536340518524,0.38853976082517966,80.53818445313755
U0337,P3,22,True,medium,stable,high,medium,medium,1,long_term,0.5463414634146341,0.1837773359840954,1.0033156096957854,0.3055048494578724,79.11463217460371
U0338,P3,22,True,high,stable,high,medium,medium,1,long_term,0.6672868217054264,0.1985685884691849,1.1925081421074482,0.365570433851098,81.45861968708158
U0339,P3,22,True,medium,stable,high,high,medium,2,long_term,0.5422413793103449,0.39029821073558646,1.0171297841041333,0.41222727623159355,70.04310929831088
U0340,P3,23,True,high,stable,high,high,medium,2,long_term,0.6458333333333334,0.38123260437375744,0.883760467672728,0.3031405511646385,76.42516906299554
U0341,P3,23,True,high,stable,high,medium,medium,3,long_term,0.6475362318840581,0.5778926441351888,0.8048241293492928,0.4212756366914582,86.43263865334191
U0342,P3,23,True,medium,stable,high,medium,medium,3,long_term,0.5485507246376811,0.5643737574552684,0.9794028585972581,0.24813901246531295,79.57624893097415
U0343,P3,24,True,medium,stable,high,medium,medium,1,long_term,0.5658333333333334,0.18298210735586481,0.8145778072691925,0.45251176288282197,82.42405733659776
U0344,P3,22,True,medium,stable,high,high,medium,1,long_term,0.5551724137931033,0.19538767395626244,1.0188867500070193,0.4167562252761073,70.3769368898422
U0345,P3,25,True,medium,stable,high,medium,medium,2,long_term,0.5411764705882353,0.3829821073558648,1.1034270754061122,0.38318424813422963,77.66121016715145
U0346,P3,25,True,medium,stable,high,high,medium,2,long_term,0.519672131147541,0.3699403578528827,1.0561195593382946,0.36619561836199616,68.81476380531258
U0347,P3,22,True,medium,stable,high,medium,medium,1,long_term,0.540983606557377,0.19666003976143143,1.0281921658681348,0.2800802852689343,78.651051337296
U0348,P3,23,True,high,stable,high,high,medium,3,long_term,0.6728000000000001,0.5772564612326043,0.831679429203048,0.39955304634203714,78.11324805595657
U0349,P3,22,True,high,stable,high,medium,medium,3,long_term,0.655483870967742,0.5653280318091451,1.0200877025212869,0.3324027960783438,83.57196262502958
U0350,P3,23,True,high,stable,high,high,medium,2,long_term,0.6648,0.33669980119284293,1.0629666354003853,0.4357285374586602,74.37382634599106
U0351,P4,25,False,high,stable,medium,medium,low,2,long_term,0.8068085106382978,0.35785288270377735,1.1573187125342292,0.49163274536408863,86.94202792875969
U0352,P4,25,False,high,stable,high,medium,low,1,long_term,0.8122222222222223,0.20365805168986084,0.847531060310514,0.6292056191571265,91.7399311116927
U0353,P4,24,False,high,stable,medium,medium,low,1,long_term,0.8433333333333334,0.17980119284294233,0.936856062109172,0.6968757126567845,91.3122882286668
U0354,P4,23,False,high,stable,medium,medium,low,2,long_term,0.8289473684210527,0.3611928429423459,0.8903302086750511,0.6556729264475744,91.5313357781564
U0355,P4,24,False,high,stable,high,medium,low,2,long_term,0.8111764705882353,0.401272365805169,0.7983081192081308,0.6268030646749133,92.28723389194775
U0356,P4,26,False,high,stable,high,medium,low,1,long_term,0.8208695652173913,0.17662027833001986,1.0648001496787378,0.5243710403925733,88.66329532665137
U0357,P4,26,False,high,stable,medium,medium,low,2,long_term,0.7946938775510204,0.3807554671968191,0.8134112523588835,0.556316590563166,91.6940184596044
U0358,P4,26,False,high,stable,medium,medium,low,1,long_term,0.8130612244897959,0.2109741550695825,0.9705528991602241,0.5083116215918682,89.93534552250391
U0359,P4,23,False,high,stable,medium,medium,low,1,long_term,0.7940425531914894,0.18934393638170977,0.9636272190537409,0.4550414829209956,89.56132200226914
U0360,P4,25,False,high,stable,medium,medium,low,1,long_term,0.8195744680851065,0.16707753479125248,0.9662002724098021,0.5231151223741772,90.23339103665327
U0361,P4,23,False,high,stable,medium,medium,low,1,long_term,0.8253846153846154,0.15737574552683897,0.9515002850720828,0.49968806051625986,90.54403013388918
U0362,P4,25,False,high,stable,high,medium,low,2,long_term,0.8068085106382978,0.3414711729622266,0.9688518244201656,0.5157732923405962,89.6631919227627
U0363,P4,24,False,high,stable,medium,medium,low,2,long_term,0.808936170212766,0.3546719681908549,0.8632379899220307,0.4719419716452357,91.36539373565942
U0364,P4,25,False,high,stable,high,medium,low,1,long_term,0.8068421052631579,0.16819085487077534,1.1258458750558318,0.5725121836189279,87.51682669846913
U0365,P4,25,False,high,stable,medium,medium,low,1,long_term,0.8034065934065934,0.17916500994035783,0.756310561144272,0.5675047965263051,92.62966051905536
U0366,P4,26,False,high,stable,medium,medium,low,2,long_term,0.7991304347826087,0.33749502982107354,1.07317040632849,0.4773601370350021,88.18012320917092
U0367,P4,24,False,high,stable,high,medium,low,2,long_term,0.815,0.3349502982107356,0.9008908365282396,0.623131546941818,90.99727805557325
U0368,P4,24,False,high,stable,medium,medium,low,1,long_term,0.831978021978022,0.16532803180914513,0.9157456187996885,0.5353861779234569,91.24342118805724
U0369,P4,25,False,high,stable,high,medium,low,1,long_term,0.8144444444444444,0.1904572564612326,0.8204874275874082,0.6192243131018641,92.13039842597561
U0370,P4,23,False,high,stable,medium,medium,low,1,long_term,0.7972093023255814,0.17725646123260436,0.8868650327781862,0.5288047823934813,90.5583156258397
U0371,P4,23,False,high,stable,high,medium,low,1,long_term,0.8456321839080461,0.20874751491053678,0.9583547375286436,0.6596683543127874,91.00188133408902
U0372,P4,25,False,high,stable,high,medium,low,2,long_term,0.8130927835051546,0.3448111332007952,0.8773717509043027,0.5856815266819542,91.33771558679103
U0373,P4,26,False,high,stable,high,medium,low,2,long_term,0.81625,0.35833001988071567,0.7872517007311987,0.617810086324398,92.6102697929868
U0374,P4,25,False,high,stable,medium,medium,low,2,long_term,0.8029999999999999,0.3317693836978131,0.7997521058650741,0.5490919184709334,91.95756147741875
U0375,P4,26,False,high,stable,medium,medium,low,2,long_term,0.7931460674157302,0.40970178926441353,0.7895961246755224,0.5627846179794231,91.79614535989434
U0376,P4,23,False,high,stable,medium,medium,low,1,long_term,0.7908080808080808,0.16755467196819085,0.7596280788676887,0.42718480869687986,92.25153547621332
U0377,P4,24,False,high,stable,medium,medium,low,2,long_term,0.8426732673267326,0.3877534791252485,0.9961753374665772,0.556480146769755,90.39132243859045
U0378,P4,25,False,high,stable,medium,medium,low,2,long_term,0.7984210526315789,0.3686679920477137,0.99210118144362,0.46715498197883965,89.27245009535179
U0379,P4,24,False,high,stable,medium,medium,low,2,long_term,0.7998989898989899,0.36389662027833003,1.0058126569667958,0.4880805819809737,89.11789468203523
U0380,P4,23,False,high,stable,medium,medium,low,1,long_term,0.8300000000000001,0.16771371769383697,0.8082019296573352,0.579247754491018,92.67815196932798
U0381,P4,23,False,high,stable,medium,medium,low,2,long_term,0.8051923076923077,0.3645328031809145,0.9038596261897962,0.5281613435929869,90.57941342500797
U0382,P4,26,False,high,stable,medium,medium,low,1,long_term,0.8121739130434783,0.18664015904572562,0.862072833101882,0.6320787763203985,91.5903573691674
U0383,P4,25,False,high,stable,medium,medium,low,2,long_term,0.8139603960396039,0.37328031809145124,1.1920281954607952,0.4276981180386634,86.8209424555568
U0384,P4,24,False,high,stable,medium,medium,low,2,long_term,0.7973684210526315,0.36564612326043733,0.9197803056052626,0.5211932930462168,90.05349134517236
U0385,P4,24,False,high,stable,high,medium,low,2,long_term,0.799010989010989,0.34449304174950296,0.9668439390670986,0.5002860315644244,89.58989128811916
U0386,P4,23,False,high,stable,medium,medium,low,2,long_term,0.8168627450980391,0.43403578528827036,0.7807696484642532,0.4907455758630693,92.7855597292965
U0387,P4,26,False,high,stable,medium,medium,low,2,long_term,0.781,0.3467196819085487,0.8945151257309121,0.47468716254843424,90.08933324272827
U0388,P4,23,False,high,stable,medium,medium,low,1,long_term,0.7965979381443299,0.18504970178926441,0.8383946160635873,0.5672478841643724,91.38501989332468
U0389,P4,26,False,high,stable,high,medium,low,2,long_term,0.7770103092783505,0.34799204771371767,1.1346247019408173,0.6311764037711559,86.5065510720211
U0390,P4,23,False,high,stable,medium,medium,low,2,long_term,0.787319587628866,0.40222664015904575,0.8796627512560089,0.4218627297000157,90.53144128633092
U0391,P4,24,False,high,stable,high,medium,low,1,long_term,0.785,0.17121272365805168,0.8325672109938608,0.4585754783841247,91.01999510742036
U0392,P4,24,False,high,stable,high,medium,low,1,long_term,0.8246067415730337,0.19745526838966204,0.8231045548144758,0.6368881118881119,92.4359320941036
U0393,P4,26,False,high,stable,medium,medium,low,1,long_term,0.8209890109890109,0.19077534791252487,0.972023783609407,0.4635547111149495,90.2477032522306
U0394,P4,23,False,high,stable,high,medium,low,2,long_term,0.8038144329896907,0.387117296222664,0.9714054469081334,0.42749869739786067,89.7222856772147
U0395,P4,24,False,high,stable,high,medium,low,2,long_term,0.8248936170212766,0.40047713717693834,0.7919390366892167,0.5366173503698722,92.66079537974156
U0396,P4,24,False,high,stable,medium,medium,low,2,long_term,0.7957142857142857,0.32986083499005964,1.101392202674481,0.593958480089504,87.55565192247568
U0397,P4,24,False,high,stable,medium,medium,low,2,long_term,0.7889473684210526,0.3629423459244533,0.8800520538675404,0.5175162811587694,90.62710451009048
U0398,P4,23,False,high,stable,high,medium,low,2,long_term,0.7946153846153846,0.34719681908548705,0.817223798517894,0.5932195937032803,91.75016964425012
U0399,P4,26,False,high,stable,high,medium,low,2,long_term,0.8131578947368421,0.33049701789264413,0.8006671082381028,0.6201978375891419,92.38733274544627
U0400,P4,24,False,high,stable,medium,medium,low,1,long_term,0.8268421052631579,0.18250497017892642,0.9348097118003644,0.5677334861258901,90.7136834560239
U0401,P4,24,False,high,stable,medium,medium,low,1,long_term,0.8352873563218391,0.1658051689860835,1.044687654115827,0.6299011532125206,89.46801414519446
U0402,P4,24,False,high,stable,high,medium,low,1,long_term,0.803939393939394,0.16914512922465208,0.8415500899585225,0.5186626707663566,91.48958653400075
U0403,P4,26,False,high,stable,medium,medium,low,2,long_term,0.8077528089887641,0.3632604373757455,0.9126455687847576,0.6287272191383799,90.67493657720019
U0404,P4,24,False,high,stable,high,medium,low,1,long_term,0.8174468085106382,0.19379721669980118,0.8818257013922842,0.5430815032143936,91.45162648883182
U0405,P4,24,False,high,stable,medium,medium,low,1,long_term,0.8206382978723404,0.17948310139165008,0.9371231399484585,0.5846037136045084,90.56456639095725
U0406,P4,24,False,high,stable,high,medium,low,1,long_term,0.8078494623655914,0.16834990059642146,0.9512167539252975,0.6289649044868947,90.06366210074577
U0407,P4,24,False,high,stable,high,medium,low,2,long_term,0.8153191489361702,0.35562624254473163,1.035304431262179,0.495142525886539,89.05833123683972
U0408,P4,23,False,high,stable,high,medium,low,2,long_term,0.807979797979798,0.3627833001988071,0.8999238652466245,0.5698847262247838,90.64676147811151
U0409,P4,25,False,high,stable,high,medium,low,2,long_term,0.8218279569892473,0.37852882703777335,0.8353729552841803,0.5279929495802217,92.1842921367892
U0410,P4,23,False,high,stable,high,medium,low,1,long_term,0.8089010989010988,0.18457256461232605,0.8757948755420262,0.6061408347122633,91.17922113785164
U0411,P4,23,False,high,stable,high,medium,low,2,long_term,0.8207843137254901,0.33001988071570576,0.9365697813844372,0.5033602875112309,90.69945074356609
U0412,P4,23,False,high,stable,high,medium,low,2,long_term,0.7921052631578948,0.3390854870775348,1.0173603208115551,0.4975831674722775,88.55687085175803
U0413,P4,24,False,high,stable,medium,medium,low,2,long_term,0.8180808080808081,0.41463220675944334,0.8116357233183029,0.7010677635132327,92.42655321392598
U0414,P4,26,False,high,stable,high,medium,low,1,long_term,0.8021348314606742,0.2054075546719682,0.8667520166373346,0.5305561504961804,91.05666805942339
U0415,P4,25,False,high,stable,medium,medium,low,1,long_term,0.8472340425531915,0.16803180914512922,0.8965133802341767,0.46208800129891214,91.77147451372733
U0416,P4,26,False,high,stable,high,medium,low,2,long_term,0.8037500000000001,0.3627833001988071,0.7338448980542572,0.6085158996947567,93.03415739240795
U0417,P4,24,False,high,stable,high,medium,low,1,long_term,0.8219565217391305,0.18314115308151094,1.0615066339492507,0.5016743489737225,88.80142819855561
U0418,P4,26,False,high,stable,medium,medium,low,2,long_term,0.8271717171717171,0.34862823061630216,0.972893632625752,0.4797840696265286,90.35076912284887
U0419,P4,23,False,high,stable,medium,medium,low,2,long_term,0.8230434782608695,0.3594433399602386,0.7295540866769876,0.60103348046076,93.68487804304571
U0420,P4,25,False,high,stable,medium,medium,low,1,long_term,0.8207843137254901,0.166441351888668,0.8158020103166682,0.5202567324345434,92.4431464853174
U0421,P4,26,False,high,stable,high,medium,low,2,long_term,0.807029702970297,0.37328031809145124,1.0735935262441627,0.4992496784336144,88.2834271415507
U0422,P4,25,False,high,stable,medium,medium,low,1,long_term,0.8230434782608695,0.18139165009940356,0.8459616918242711,0.5787562946480852,92.00413620597989
U0423,P4,26,False,high,stable,medium,medium,low,2,long_term,0.811063829787234,0.3834592445328032,0.8739859318886752,0.45477397288498783,91.21021044069481
U0424,P4,24,False,high,stable,high,medium,low,1,long_term,0.8151546391752577,0.2254473161033797,0.7610583848920309,0.6469411435201856,93.01709675969146
U0425,P4,23,False,high,stable,high,medium,low,1,long_term,0.8068421052631579,0.2039761431411531,0.8135510320425761,0.614730464615497,92.02587065215388
U0426,P5,22,True,low,variable,low,low,medium,0,short_term,0.5042622950819672,0.0,0.9262605541143424,0.6538030660377359,47.67059691659837
U0427,P5,22,True,low,variable,low,low,medium,1,short_term,0.48652173913043484,0.1672365805168986,0.8490623297981569,0.5017699664637933,48.22748383619874
U0428,P5,21,True,medium,variable,medium,low,medium,0,short_term,0.5866666666666667,0.0,0.7716340659629426,0.49576021958631505,59.50243042216398
U0429,P5,22,True,medium,variable,medium,low,medium,2,short_term,0.5591666666666666,0.36882703777335984,0.6633176772361313,0.6557517572432711,60.44134788221908
U0430,P5,20,True,low,variable,low,low,medium,0,short_term,0.4945454545454545,0.0,0.8696198816232168,0.5334839107095715,48.1381751603091
U0431,P5,23,True,low,variable,low,low,medium,0,short_term,0.48192982456140354,0.0,0.759693696837834,0.6152023530693392,49.48477200114335
U0432,P5,23,True,low,variable,low,low,medium,0,short_term,0.5083870967741936,0.0,0.7461692869589828,0.5595483117316571,50.389814845756476
U0433,P5,24,True,medium,variable,medium,low,medium,2,short_term,0.5571428571428572,0.3572166998011928,0.9442873594029857,0.5181261380566131,56.38789662030459
U0434,P5,21,True,low,variable,low,low,medium,2,short_term,0.5117094017094017,0.38807157057654074,0.8172748697818574,0.692608163130193,49.534332540816486
U0435,P5,21,True,low,variable,low,low,medium,1,short_term,0.4946774193548387,0.19634194831013918,0.8101227310204719,0.5809049079754601,48.995998083873175
U0436,P5,22,True,medium,variable,low,low,medium,1,short_term,0.611023622047244,0.1837773359840954,0.895417633695463,0.5260026771107035,58.373546548614755
U0437,P5,23,True,medium,variable,low,low,medium,1,short_term,0.5991228070175438,0.15912524850894633,0.9903731967646544,0.6424896217037946,56.95821817650079
U0438,P5,24,True,low,variable,low,low,medium,1,short_term,0.48165354330708665,0.21733598409542743,0.832799935854771,0.5541247880470843,48.490245563875604
U0439,P5,20,True,low,variable,low,low,medium,1,short_term,0.5044,0.18186878727634193,0.9157717109534229,0.5277620466353138,47.69908841463971
U0440,P5,21,True,low,variable,medium,low,medium,2,short_term,0.4954700854700854,0.3726441351888668,0.8837915849308172,0.5982397716460514,48.07536080461033
U0441,P5,21,True,medium,variable,medium,low,medium,2,short_term,0.5919708029197079,0.3405168986083499,1.0134118098626972,0.648123412168356,56.33798150624837
U0442,P5,21,True,low,variable,low,low,medium,0,short_term,0.4898245614035088,0.0,0.7615290391315005,0.6402591973244147,49.53137197437086
U0443,P5,22,True,low,variable,medium,low,medium,1,short_term,0.51078125,0.1950695825049702,0.9448152069402482,0.4751654752449034,47.55318373559609
U0444,P5,24,True,low,variable,medium,low,medium,2,short_term,0.49666666666666665,0.3549900596421471,0.9353429366832436,0.46312029595611687,47.41651084726214
U0445,P5,20,True,low,variable,low,low,medium,1,short_term,0.5052380952380953,0.21606361829025844,0.8264861058282819,0.5613983548766157,49.14696159621355
U0446,P5,24,True,low,variable,low,low,medium,0,short_term,0.49760330578512396,0.0,1.0595031975747946,0.4586608243187731,45.51364007679207
U0447,P5,23,True,low,variable,low,low,medium,2,short_term,0.49720000000000003,0.3351093439363817,0.943528889466257,0.5628389106923515,47.231651960239695
U0448,P5,23,True,medium,variable,medium,low,medium,1,short_term,0.5819819819819819,0.18155069582504968,0.8479501936113963,0.4780594656707843,58.48312873851394
U0449,P5,23,True,medium,variable,low,low,medium,1,short_term,0.5959677419354839,0.1583300198807157,0.7561431669248582,0.6048919835743617,60.04419487945855
U0450,P5,20,True,low,variable,medium,low,medium,1,short_term,0.483728813559322,0.2060437375745527,0.7466325286574382,0.4728361080676625,49.44910048842927
U0451,P5,23,True,medium,variable,low,low,medium,0,short_term,0.5847457627118644,0.0,0.7986139146043129,0.5721920889006482,59.19292171399454
U0452,P5,21,True,low,variable,low,low,medium,1,short_term,0.4869230769230769,0.18155069582504968,0.935071194987487,0.526529782476113,47.035818983247964
U0453,P5,22,True,low,variable,medium,low,medium,1,short_term,0.5195238095238095,0.1790059642147117,0.8485541453327391,0.5095953866515409,49.22515938094922
U0454,P5,23,True,low,variable,low,low,medium,2,short_term,0.4721848739495798,0.3707355864811133,0.865066235394337,0.5169909812130139,47.562848003190936
U0455,P5,23,True,medium,variable,medium,low,medium,0,short_term,0.582905982905983,0.0,0.8561822339923806,0.5255819705073114,58.402771124584575
U0456,P5,21,True,medium,variable,medium,low,medium,0,short_term,0.5983333333333334,0.0,0.8635950533902154,0.5113473219215903,58.86910355174165
U0457,P5,21,True,medium,variable,medium,low,medium,1,short_term,0.5809917355371901,0.20986083499005964,0.7524113290400231,0.6795905347407494,59.80982025543385
U0458,P5,22,True,medium,variable,low,low,medium,2,short_term,0.5632,0.3421073558648111,0.8397097989820839,0.5156180342972627,57.797302208280584
U0459,P5,20,True,medium,variable,medium,low,medium,1,short_term,0.5944444444444444,0.18345924453280318,0.9443769452740473,0.5381503406014814,57.22434564632536
U0460,P5,23,True,low,variable,low,low,medium,1,short_term,0.48217391304347823,0.1869582504970179,0.9272796469938785,0.59213198762616,47.02568562960205
U0461,P5,20,True,medium,variable,low,low,medium,2,short_term,0.5657657657657658,0.3675546719681908,0.7524047439591127,0.5480478230905222,59.412203572246405
U0462,P5,22,True,low,variable,medium,low,medium,1,short_term,0.4911475409836065,0.1748707753479125,0.7492630700405757,0.5580200094808013,49.81632477798434
U0463,P5,23,True,low,variable,medium,low,medium,0,short_term,0.49303571428571424,0.0,0.7677799764769425,0.5068867216804201,49.52335516076292
U0464,P5,20,True,low,variable,low,low,medium,2,short_term,0.4845901639344262,0.3642147117296223,0.7963287531554005,0.5444268748107526,49.1367707007307
U0465,P5,24,True,low,variable,low,low,medium,1,short_term,0.5040298507462686,0.16946322067594433,0.8249356543517113,0.580987457181858,49.11011999389147
U0466,P5,21,True,low,variable,medium,low,medium,0,short_term,0.4933333333333333,0.0,0.8200526212108379,0.5473217630166063,48.942231898400955
U0467,P5,20,True,low,variable,medium,low,medium,1,short_term,0.5077443609022556,0.18457256461232605,0.9602785585269452,0.5985800514545815,47.38229441472484
U0468,P5,23,True,low,variable,low,low,medium,2,short_term,0.5076377952755906,0.3640556660039761,0.750130233544472,0.5540102876738426,50.27441658755522
U0469,P5,22,True,low,variable,medium,low,medium,1,short_term,0.5090740740740741,0.15944333996023857,0.8441371880262244,0.6497118603126402,49.2117727696635
U0470,P5,23,True,medium,variable,low,low,medium,1,short_term,0.5821138211382114,0.18123260437375746,0.9608814401215993,0.4577504995717956,56.65482129146728
U0471,P5,23,True,low,variable,low,low,medium,1,short_term,0.47885245901639345,0.17868787276341946,0.8841524325555024,0.5365400843881857,47.39059349829229
U0472,P5,22,True,low,variable,medium,low,medium,2,short_term,0.49306451612903224,0.35419483101391647,0.8418472025944398,0.5223714920020492,48.53794685461105
U0473,P5,24,True,low,variable,medium,low,medium,2,short_term,0.4896747967479675,0.3782107355864811,0.7491580525783312,0.5274889429132128,49.779523058029035
U0474,P5,21,True,low,variable,low,low,medium,0,short_term,0.4820338983050847,0.0,0.760846102956478,0.5461177562383996,49.526364815694436
U0475,P5,22,True,low,variable,low,low,medium,1,short_term,0.498034188034188,0.16691848906560636,1.0011141082831463,0.5831595731632528,46.45263406590941
U0476,P5,20,True,medium,variable,low,low,medium,1,short_term,0.5992537313432835,0.18998011928429423,0.7510430520678864,0.5903989860315281,60.487957657852576
U0477,P5,23,True,low,variable,medium,low,medium,0,short_term,0.5200775193798449,0.0,0.7552481769516488,0.6319718347142441,50.63694957826194
U0478,P5,21,True,medium,variable,low,low,medium,2,short_term,0.5983333333333334,0.37296222664015904,0.8776010168800205,0.5640324345195958,58.666879575258776
U0479,P5,23,True,medium,variable,low,low,medium,0,short_term,0.5957983193277311,0.0,0.9397640530504863,0.506852898095836,57.32466570997536
U0480,P5,24,True,low,variable,medium,low,medium,1,short_term,0.4924,0.17852882703777334,0.8397608248104127,0.5444048396003816,48.729898809298746
U0481,P5,24,True,medium,variable,low,low,medium,0,short_term,0.588495575221239,0.0,0.7578193055334154,0.6509172617581876,60.068167081650316
U0482,P5,24,True,low,variable,low,low,medium,0,short_term,0.49407079646017693,0.0,0.8870186447275812,0.4884932696482848,47.68650863338725
U0483,P5,20,True,medium,variable,low,low,medium,2,short_term,0.5803149606299213,0.3344731610337972,0.7898767102600294,0.5749031618773084,59.306839495360016
U0484,P5,20,True,medium,variable,medium,low,medium,0,short_term,0.6102564102564102,0.0,0.7561930044155988,0.6895654659805603,60.70115842222053
U0485,P5,24,True,medium,variable,low,low,medium,0,short_term,0.5771929824561403,0.0,0.8084124482573244,0.5373809268971422,58.92754906064054
U0486,P5,21,True,low,variable,low,low,medium,2,short_term,0.49250000000000005,0.3632604373757455,0.7932261781182338,0.6464876910016978,49.3990077821303
U0487,P5,20,True,medium,variable,low,low,medium,2,short_term,0.6185483870967741,0.332882703777336,0.9227538167164516,0.5772168180721923,58.17623483182953
U0488,P5,21,True,medium,variable,medium,low,medium,0,short_term,0.5964601769911504,0.0,0.7954069228117705,0.6029389486441449,59.5992076077547
U0489,P5,24,True,low,variable,medium,low,medium,0,short_term,0.48216494845360824,0.0,0.810296787950946,0.5249893812827411,48.60342289951766
U0490,P5,21,True,medium,variable,low,low,medium,2,short_term,0.5821705426356589,0.3588071570576541,0.8992605881205299,0.5716095694730827,57.78244417296315
U0491,P5,20,True,medium,variable,low,low,medium,2,short_term,0.5975806451612904,0.3794831013916501,0.8352056749029972,0.5754918922088966,59.17147442619783
U0492,P5,23,True,low,variable,medium,low,medium,2,short_term,0.4969230769230769,0.3965009940357853,0.8238157542901798,0.5826093506754382,48.96268452912241
U0493,P5,20,True,medium,variable,low,low,medium,1,short_term,0.5990990990990992,0.1740755467196819,0.9015439574404559,0.459343716756226,57.93454471854977
U0494,P5,21,True,low,variable,low,low,medium,0,short_term,0.4671428571428571,0.0,0.9245292572905978,0.5721270065458891,46.70429594782517
U0495,P5,20,True,low,variable,low,low,medium,2,short_term,0.503939393939394,0.3683499005964215,0.7986666280917537,0.5687004848054866,49.44040577804853
U0496,P5,23,True,low,variable,low,low,medium,0,short_term,0.4738888888888889,0.0,1.0097523171194782,0.4640512619327841,45.4316631700152
U0497,P5,22,True,low,variable,low,low,medium,0,short_term,0.5032773109243698,0.0,0.8228835715591813,0.5291809974204643,48.942207122867195
U0498,P5,24,True,medium,variable,low,low,medium,2,short_term,0.5709677419354838,0.40397614314115304,0.7981176681456427,0.5388616639745941,58.83331071250639
U0499,P5,21,True,low,variable,low,low,medium,1,short_term,0.49878504672897195,0.19729622266401592,0.8707362646952316,0.5135891023953671,48.177989516593264
U0500,P5,21,True,low,variable,low,low,medium,0,short_term,0.4996226415094339,0.0,0.949105964382454,0.5687726115503149,47.17062466831668
